Name,Headline,Location,Profile URL,Scraped At
User 3seojc,Software Engineer at Tech Company,"Mumbai, Maharashtra, India",https://www.linkedin.com/in/sarawilson,Sat Nov 08 2025 15:47:10 GMT+0530 (India Standard Time)
User tyzpnw,Software Engineer at Tech Company,"Mumbai, Maharashtra, India",https://www.linkedin.com/in/mikeross,Sat Nov 08 2025 15:47:08 GMT+0530 (India Standard Time)
User jlrpub,Software Engineer at Tech Company,"Mumbai, Maharashtra, India",https://www.linkedin.com/in/janesmith,Sat Nov 08 2025 15:47:06 GMT+0530 (India Standard Time)
User s0wd4,Software Engineer at Tech Company,"Mumbai, Maharashtra, India",https://www.linkedin.com/in/johndoe,Sat Nov 08 2025 15:47:04 GMT+0530 (India Standard Time)
User w0830e,Software Engineer at Tech Company,"Mumbai, Maharashtra, India",https://www.linkedin.com/in/davidlee,Sat Nov 08 2025 15:16:00 GMT+0530 (India Standard Time)
User 38qni,Software Engineer at Tech Company,"Mumbai, Maharashtra, India",https://www.linkedin.com/in/sarawilson,Sat Nov 08 2025 15:15:58 GMT+0530 (India Standard Time)
User 8qvd0x,Software Engineer at Tech Company,"Mumbai, Maharashtra, India",https://www.linkedin.com/in/mikeross,Sat Nov 08 2025 15:15:56 GMT+0530 (India Standard Time)
User 9teqlw,Software Engineer at Tech Company,"Mumbai, Maharashtra, India",https://www.linkedin.com/in/janesmith,Sat Nov 08 2025 15:15:54 GMT+0530 (India Standard Time)
User vtw3f,Software Engineer at Tech Company,"Mumbai, Maharashtra, India",https://www.linkedin.com/in/johndoe,Sat Nov 08 2025 15:15:52 GMT+0530 (India Standard Time)
